0,-0.0554993,0.975766,-0.0626805,0.996755,-0.0572081,0.0564953,-0.00380971,0.998726,-0.0149466,-0.0479685,0.00458227,0.705827,0.11102,0.699609,-0.00546128,0.318035,0.330648,-0.888465,-0.0124461,0.654781,0.755557,-0.0196075,-0.00321393,0.189306,0.330315,0.924684,-0.00391083,0.254339,0.96012,-0.116009,-0.00488951,
0.1,-0.0572701,0.97617,-0.0619269,0.99647,-0.0577545,0.0601351,-0.00786763,0.998807,-0.0177858,-0.0451612,0.00287743,0.708051,0.102666,0.698578,-0.00533209,0.317812,0.336385,-0.886315,-0.0153465,0.655255,0.75526,-0.00979204,-0.00420619,0.189306,0.330315,0.924684,-0.00391083,0.254339,0.96012,-0.116009,-0.00488951,
0.2,-0.0590409,0.976573,-0.0611734,0.996185,-0.0583009,0.0637748,-0.0119255,0.998887,-0.0206249,-0.042354,0.00117259,0.710274,0.0943129,0.697547,-0.0052029,0.317589,0.342121,-0.884165,-0.0182469,0.65573,0.754964,2.33843e-05,-0.00519846,0.189306,0.330315,0.924684,-0.00391083,0.254339,0.96012,-0.116009,-0.00488951,
0.3,-0.0564508,0.975698,-0.0620518,0.995805,-0.0677374,0.0581393,-0.0149577,0.998793,-0.011502,-0.0459977,0.00340215,0.713341,0.0870423,0.695323,-0.00454755,0.327888,0.369815,-0.868336,-0.0144186,0.650111,0.759285,0.0182028,-0.00612392,0.189306,0.330315,0.924684,-0.00391083,0.254339,0.96012,-0.116009,-0.00488951,
0.4,-0.0533155,0.974662,-0.0631343,0.995413,-0.0782851,0.0513444,-0.0178616,0.998678,-0.000883769,-0.0504479,0.00612351,0.716513,0.079907,0.692951,-0.00382643,0.339502,0.400254,-0.850798,-0.00974914,0.643731,0.764184,0.0374278,-0.00704103,0.189306,0.330315,0.924684,-0.00391083,0.254339,0.96012,-0.116009,-0.00488951,
0.5,-0.0437625,0.971808,-0.0606901,0.995853,-0.0741983,0.0487646,-0.017848,0.998811,-0.000152096,-0.047558,0.00881184,0.718633,0.0663305,0.692025,-0.000410584,0.345063,0.441595,-0.826486,-0.00283945,0.632951,0.769178,0.074979,-0.00633523,0.189306,0.330315,0.924684,-0.00391083,0.254339,0.96012,-0.116009,-0.00488951,
0.6,-0.0323759,0.968435,-0.0572382,0.996532,-0.0659303,0.0473891,-0.0170008,0.999014,-0.00224515,-0.042571,0.0114907,0.720452,0.0509137,0.691512,0.00377519,0.348895,0.486051,-0.800239,0.00471029,0.620913,0.774199,0.117766,-0.00516573,0.189306,0.330315,0.924684,-0.00391083,0.254339,0.96012,-0.116009,-0.00488951,
0.7,-0.0231707,0.965826,-0.0566595,0.997345,-0.059366,0.0349,-0.0141993,0.99877,-0.00355263,-0.0474159,0.00869067,0.72246,0.0140721,0.689599,0.0091255,0.354855,0.5567,-0.743056,0.0109067,0.598052,0.773463,0.189855,-0.00266153,0.189306,0.330315,0.924684,-0.00391083,0.254339,0.96012,-0.116009,-0.00488951,
0.8,-0.0150561,0.9636,-0.0575175,0.998224,-0.0536536,0.0168541,-0.0104207,0.998302,-0.00446734,-0.0571767,0.00315114,0.724564,-0.0334821,0.686986,0.0150581,0.361879,0.640444,-0.670403,0.0164265,0.569779,0.769847,0.276594,0.000510031,0.189306,0.330315,0.924684,-0.00391083,0.254339,0.96012,-0.116009,-0.00488951,
0.9,-0.00693221,0.959279,-0.0581831,0.998629,-0.0465027,-0.00288717,-0.0106779,0.997704,-0.00334583,-0.0669704,0.000528317,0.727996,-0.0715888,0.68083,0.0210263,0.37828,0.713269,-0.577386,0.0201051,0.539757,0.761555,0.352008,0.00188029,0.189306,0.330315,0.924684,-0.00391083,0.254339,0.96012,-0.116009,-0.00488951,
1,0.00119923,0.953284,-0.0586948,0.998654,-0.038201,-0.0239847,-0.0141637,0.997002,-0.00059537,-0.0767903,0.000238874,0.732491,-0.102137,0.671841,0.0270231,0.402182,0.777356,-0.468077,0.0223107,0.508335,0.749521,0.418362,0.0018095,0.189306,0.330315,0.924684,-0.00391083,0.254339,0.96012,-0.116009,-0.00488951,
1.1,0.00762446,0.949326,-0.0544571,0.998541,-0.0311522,-0.0399983,-0.0159057,0.994733,1.17363e-05,-0.0978495,0.000737753,0.737249,-0.122344,0.66354,0.0329565,0.422271,0.821554,-0.377301,0.0232994,0.48892,0.738135,0.464426,0.00249886,0.189306,0.330315,0.924684,-0.00391083,0.254339,0.96012,-0.116009,-0.00488951,
1.2,0.0119169,0.947917,-0.0442825,0.998257,-0.0256695,-0.0496568,-0.0154678,0.990506,-0.00206036,-0.132958,0.00222204,0.742336,-0.129622,0.6561,0.0388108,0.437593,0.840891,-0.309691,0.022767,0.484511,0.727559,0.485127,0.00413841,0.189306,0.330315,0.924684,-0.00391083,0.254339,0.96012,-0.116009,-0.00488951,
1.3,0.0130149,0.94618,-0.0329929,0.997996,-0.0241339,-0.0565735,-0.0133744,0.985796,-0.00203977,-0.166255,0.00318734,0.746499,-0.13804,0.649589,0.0399032,0.444603,0.854381,-0.267931,0.0212442,0.483511,0.723063,0.493085,0.00524747,0.189306,0.330315,0.924684,-0.00391083,0.254339,0.96012,-0.116009,-0.00488951,
1.4,0.00772386,0.943784,-0.0194732,0.997781,-0.0304925,-0.0580067,-0.00796978,0.980119,0.00216617,-0.195927,0.00311468,0.748815,-0.14874,0.644935,0.031472,0.434989,0.856179,-0.277872,0.0177408,0.489325,0.730728,0.475557,0.00529555,0.189306,0.330315,0.924684,-0.00391083,0.254339,0.96012,-0.116009,-0.00488951,
1.5,0.00577562,0.942887,-0.00890909,0.997716,-0.0333586,-0.0582503,-0.00359004,0.975589,0.00789306,-0.219311,0.00197165,0.751659,-0.155263,0.640535,0.0237388,0.424334,0.858119,-0.288454,0.012496,0.49248,0.739433,0.458816,0.00526297,0.189306,0.330315,0.924684,-0.00391083,0.254339,0.96012,-0.116009,-0.00488951,
1.6,0.0155272,0.947234,-0.00868957,0.998174,-0.024001,-0.0543302,-0.00279737,0.975075,0.0189432,-0.220684,-0.00291772,0.756353,-0.147166,0.637019,0.0184488,0.410037,0.860553,-0.30128,0.00115681,0.486328,0.751775,0.444831,0.00494808,0.189306,0.330315,0.924684,-0.00391083,0.254339,0.96012,-0.116009,-0.00488951,
1.7,0.0259445,0.951404,-0.00855846,0.998517,-0.0148012,-0.0519867,-0.00219733,0.975184,0.0282713,-0.219126,-0.00725653,0.759861,-0.139718,0.634735,0.0129509,0.398168,0.863225,-0.309959,-0.00894824,0.479715,0.763021,0.433148,0.00441102,0.189306,0.330315,0.924684,-0.00391083,0.254339,0.96012,-0.116009,-0.00488951,
1.8,0.0416884,0.95416,-0.00913456,0.997937,-0.00686385,-0.0622564,-0.00313831,0.980282,0.0238225,-0.19412,-0.00719086,0.753885,-0.137462,0.64231,0.00579021,0.40571,0.867801,-0.285453,-0.00918,0.46941,0.765494,0.439872,0.00209659,0.189306,0.330315,0.924684,-0.00391083,0.254339,0.96012,-0.116009,-0.00488951,
1.9,0.0574323,0.956916,-0.00971066,0.997358,0.00107345,-0.0725261,-0.0040793,0.98538,0.0193738,-0.169114,-0.0071252,0.747909,-0.135205,0.649884,-0.00137042,0.413252,0.872377,-0.260947,-0.00941177,0.459106,0.767967,0.446597,-0.000217834,0.189306,0.330315,0.924684,-0.00391083,0.254339,0.96012,-0.116009,-0.00488951,
2,0.0577648,0.958574,-0.00826756,0.997153,0.00610863,-0.0750134,-0.00467927,0.986283,0.0214059,-0.16362,0.00404235,0.740892,-0.126862,0.659474,-0.0088867,0.406077,0.874299,-0.265752,-0.00884187,0.458763,0.766438,0.449532,-0.00549493,0.189306,0.330315,0.924684,-0.00391083,0.254339,0.96012,-0.116009,-0.00488951,
2.1,0.0578673,0.958448,-0.00722432,0.997195,0.00353084,-0.0734241,-0.0114494,0.986003,0.0219915,-0.165229,0.0027746,0.739653,-0.126181,0.660942,-0.0115577,0.395397,0.871672,-0.287943,-0.0129394,0.45779,0.76922,0.445716,-0.00613562,0.189306,0.330315,0.924684,-0.00391083,0.254339,0.96012,-0.116009,-0.00488951,
2.2,0.0579698,0.958321,-0.00618108,0.997237,0.000953045,-0.0718347,-0.0182195,0.985723,0.0225771,-0.166839,0.00150684,0.738414,-0.125501,0.66241,-0.0142286,0.384717,0.869045,-0.310135,-0.017037,0.456817,0.772001,0.4419,-0.00677632,0.189306,0.330315,0.924684,-0.00391083,0.254339,0.96012,-0.116009,-0.00488951,
2.3,0.0575634,0.959921,-0.00741793,0.996858,0.00213627,-0.0766781,-0.0181626,0.983373,0.0249212,-0.17909,0.000586615,0.737015,-0.124361,0.664203,-0.0127095,0.371879,0.853764,-0.358409,-0.0150548,0.456186,0.770821,0.444553,-0.00836988,0.189306,0.330315,0.924684,-0.00391083,0.254339,0.96012,-0.116009,-0.00488951,
2.4,0.0570115,0.962015,-0.00930623,0.996358,0.00439408,-0.0833594,-0.0161551,0.980431,0.0277676,-0.194383,-0.000234316,0.735569,-0.123089,0.66609,-0.00999316,0.358424,0.834868,-0.414136,-0.0113355,0.455652,0.768508,0.449053,-0.0102357,0.189306,0.330315,0.924684,-0.00391083,0.254339,0.96012,-0.116009,-0.00488951,
2.5,0.0535402,0.963745,-0.0106481,0.99642,0.00316242,-0.0831014,-0.0129847,0.979114,0.0282811,-0.201319,0.000624994,0.73342,-0.12631,0.667855,-0.00690803,0.345545,0.808175,-0.472127,-0.00503155,0.444791,0.774313,0.449467,-0.00755175,0.189306,0.330315,0.924684,-0.00391083,0.254339,0.96012,-0.116009,-0.00488951,
2.6,0.0477334,0.965183,-0.0115527,0.996934,-0.000860823,-0.0772921,-0.00888405,0.979096,0.0269282,-0.201572,0.0028285,0.730708,-0.133124,0.669523,-0.00352787,0.333125,0.775242,-0.531931,0.00334018,0.425668,0.786611,0.446612,-0.001228,0.189306,0.330315,0.924684,-0.00391083,0.254339,0.96012,-0.116009,-0.00488951,
2.7,0.0428152,0.965791,-0.0131603,0.997148,-0.00710294,-0.0743435,-0.00643909,0.978287,0.0247417,-0.205506,0.00412184,0.728467,-0.136897,0.671229,0.0013398,0.315417,0.735297,-0.595197,0.0111385,0.408813,0.801444,0.43557,0.00388529,0.189306,0.330315,0.924684,-0.00391083,0.254339,0.96012,-0.116009,-0.00488951,
2.8,0.0396742,0.964739,-0.0161737,0.996764,-0.0177828,-0.0771164,-0.00730562,0.975895,0.0208879,-0.216805,0.00359487,0.727168,-0.134588,0.673011,0.00918247,0.287131,0.681326,-0.665389,0.0177901,0.396492,0.821348,0.408154,0.00657768,0.189306,0.330315,0.924684,-0.00391083,0.254339,0.96012,-0.116009,-0.00488951,
2.9,0.0369732,0.964123,-0.0194295,0.996485,-0.0274138,-0.0786262,-0.0081807,0.973576,0.0167846,-0.227677,0.00300612,0.726099,-0.131808,0.674632,0.0163449,0.261159,0.625411,-0.733649,0.023456,0.385306,0.840999,0.379057,0.00846688,0.189306,0.330315,0.924684,-0.00391083,0.254339,0.96012,-0.116009,-0.00488951,
3,0.0377925,0.966997,-0.0246246,0.997044,-0.0286542,-0.0700317,-0.00912419,0.971838,0.0106864,-0.235144,0.0019232,0.726877,-0.125262,0.674963,0.0180655,0.253691,0.553948,-0.786453,0.0212354,0.383203,0.858634,0.33651,0.00393061,0.189306,0.330315,0.924684,-0.00391083,0.254339,0.96012,-0.116009,-0.00488951,
3.1,0.0386117,0.969871,-0.0298197,0.997603,-0.0298945,-0.0614373,-0.0100677,0.970101,0.0045882,-0.242611,0.000840278,0.727655,-0.118716,0.675294,0.0197862,0.246223,0.482486,-0.839258,0.0190149,0.3811,0.876268,0.293962,-0.00060566,0.189306,0.330315,0.924684,-0.00391083,0.254339,0.96012,-0.116009,-0.00488951,
3.2,0.0372645,0.973353,-0.0306147,0.997789,-0.021601,-0.0608108,-0.0118869,0.968704,0.0038721,-0.248117,0.000888364,0.726407,-0.119107,0.676196,0.0282263,0.242791,0.427869,-0.868125,0.0159806,0.363989,0.88734,0.28196,0.00102732,0.189306,0.330315,0.924684,-0.00391083,0.254339,0.96012,-0.116009,-0.00488951,
3.3,0.0356466,0.976912,-0.0308597,0.997928,-0.0121157,-0.0611803,-0.0138157,0.967349,0.00382878,-0.253378,0.00107782,0.724907,-0.120366,0.67717,0.0375063,0.239863,0.375359,-0.894001,0.0128445,0.345003,0.897591,0.273776,0.00343146,0.189306,0.330315,0.924684,-0.00391083,0.254339,0.96012,-0.116009,-0.00488951,
3.4,0.0276132,0.97967,-0.0291277,0.998374,-0.00622081,-0.0536738,-0.0131409,0.96733,-0.00514362,-0.253056,-0.000895518,0.723509,-0.113062,0.679768,0.0388266,0.236659,0.338749,-0.910028,0.00911438,0.328771,0.905705,0.266971,0.00397732,0.189306,0.330315,0.924684,-0.00391083,0.254339,0.96012,-0.116009,-0.00488951,
3.5,0.0163721,0.982027,-0.0264072,0.998973,-0.00212105,-0.0422292,-0.0111642,0.967979,-0.0185806,-0.249941,-0.00395026,0.722163,-0.101477,0.683178,0.0361671,0.233318,0.310089,-0.921131,0.00508715,0.313916,0.91275,0.260855,0.00359404,0.189306,0.330315,0.924684,-0.00391083,0.254339,0.96012,-0.116009,-0.00488951,
3.6,0.007662,0.98338,-0.0222811,0.99928,0.000880262,-0.0364804,-0.0101888,0.968482,-0.02358,-0.24785,-0.00571951,0.720777,-0.0917856,0.686288,0.0309582,0.234107,0.284723,-0.929334,-0.00111696,0.307943,0.915172,0.259936,0.00234634,0.189306,0.330315,0.924684,-0.00391083,0.254339,0.96012,-0.116009,-0.00488951,
3.7,0.00211568,0.983478,-0.016398,0.999223,0.00250852,-0.0378513,-0.010465,0.968802,-0.0180327,-0.247039,-0.00588188,0.719342,-0.084462,0.689024,0.0225627,0.24006,0.263473,-0.933912,-0.0100422,0.31307,0.911814,0.265515,1.80955e-05,0.189306,0.330315,0.924684,-0.00391083,0.254339,0.96012,-0.116009,-0.00488951,
3.8,-0.000966083,0.982699,-0.0126648,0.999207,0.00251508,-0.0380069,-0.0105661,0.970428,-0.0157317,-0.23991,-0.00542615,0.717301,-0.0734906,0.692509,0.0151058,0.243698,0.247206,-0.937664,-0.0166404,0.317825,0.910245,0.264951,-0.00252248,0.189306,0.330315,0.924684,-0.00391083,0.254339,0.96012,-0.116009,-0.00488951,
3.9,0.00457808,0.978853,-0.0164559,0.999339,-0.00315429,-0.0339087,-0.0100546,0.976625,-0.024793,-0.210666,-0.00280707,0.713137,-0.0497517,0.698616,0.0109345,0.239234,0.248375,-0.93852,-0.0150943,0.321275,0.914934,0.242888,-0.00580623,0.189306,0.330315,0.924684,-0.00391083,0.254339,0.96012,-0.116009,-0.00488951,
4,0.0101222,0.975007,-0.020247,0.999471,-0.00882365,-0.0298104,-0.00954313,0.982822,-0.0338544,-0.181422,-0.000187991,0.708974,-0.0260128,0.704723,0.00676316,0.23477,0.249545,-0.939376,-0.0135482,0.324725,0.919624,0.220825,-0.00908997,0.189306,0.330315,0.924684,-0.00391083,0.254339,0.96012,-0.116009,-0.00488951,
4.1,0.0108036,0.975426,-0.0201582,0.999709,-0.0208533,-0.0120435,0.00136023,0.981108,-0.0379566,-0.189699,-0.000222682,0.712828,-0.0314032,0.700617,0.00518931,0.23477,0.249545,-0.939376,-0.0135482,0.324725,0.919624,0.220825,-0.00908997,0.220828,0.324121,0.919877,0.00270727,0.280242,0.953889,-0.107494,-0.00236986,
4.2,0.0115962,0.972132,-0.0191902,0.999577,-0.0267885,-0.0051092,0.0027828,0.982695,-0.0379446,-0.181057,0.00125752,0.714512,-0.0299527,0.698923,-0.00255228,0.23477,0.249545,-0.939376,-0.0135482,0.324725,0.919624,0.220825,-0.00908997,0.219378,0.318258,0.922244,0.00121398,0.295491,0.947246,-0.121907,-0.00307244,
4.3,0.0123889,0.968838,-0.0182223,0.999444,-0.0327237,0.0018251,0.00420538,0.984281,-0.0379327,-0.172416,0.00273773,0.716197,-0.0285022,0.697229,-0.0102939,0.23477,0.249545,-0.939376,-0.0135482,0.324725,0.919624,0.220825,-0.00908997,0.217928,0.312394,0.924612,-0.000279317,0.31074,0.940604,-0.136319,-0.00377502,
4.4,0.011885,0.965409,-0.0215525,0.999374,-0.032337,0.0103666,0.0012911,0.986169,-0.033059,-0.161892,0.00228006,0.71359,-0.0173276,0.700161,-0.00617075,0.23477,0.249545,-0.939376,-0.0135482,0.324725,0.919624,0.220825,-0.00908997,0.216541,0.320703,0.922017,-0.00314331,0.326645,0.933346,-0.147271,0.000212865,
4.5,0.011219,0.961963,-0.02542,0.99931,-0.0311601,0.019109,-0.00216529,0.988096,-0.0275775,-0.151133,0.00158014,0.710447,-0.00493747,0.703671,-0.000564537,0.23477,0.249545,-0.939376,-0.0135482,0.324725,0.919624,0.220825,-0.00908997,0.215162,0.330783,0.918802,-0.00617863,0.342633,0.926011,-0.15779,0.00478705,
4.6,0.0115786,0.958264,-0.0270315,0.99927,-0.0269592,0.0256278,-0.000233445,0.99058,-0.0269563,-0.132495,0.00259663,0.704741,0.0106193,0.70913,0.000265631,0.23477,0.249545,-0.939376,-0.0135482,0.324725,0.919624,0.220825,-0.00908997,0.214819,0.372092,0.901259,-0.00385217,0.363839,0.91658,-0.163611,0.00809295,
4.7,0.0122312,0.954494,-0.0279984,0.999237,-0.0218943,0.0315114,0.00323789,0.993224,-0.0277237,-0.111605,0.00410351,0.698303,0.0270808,0.715145,-0.000268784,0.23477,0.249545,-0.939376,-0.0135482,0.324725,0.919624,0.220825,-0.00908997,0.214772,0.422323,0.879622,6.23121e-06,0.386536,0.90655,-0.168089,0.0110365,
4.8,0.0143703,0.954662,-0.0282974,0.998536,-0.022903,0.0452667,0.00559229,0.993967,-0.0250058,-0.106592,0.00256512,0.695887,0.0471687,0.716254,0.00290022,0.23477,0.249545,-0.939376,-0.0135482,0.324725,0.919624,0.220825,-0.00908997,0.2302,0.478442,0.844028,-0.00460538,0.404294,0.897634,-0.174175,0.0110963,
4.9,0.0172525,0.9568,-0.0282624,0.997501,-0.0269486,0.062958,0.00738822,0.993758,-0.0205454,-0.109517,-0.000495909,0.695482,0.0690699,0.71491,0.00792093,0.23477,0.249545,-0.939376,-0.0135482,0.324725,0.919624,0.220825,-0.00908997,0.253366,0.537505,0.801455,-0.013452,0.419581,0.889276,-0.181064,0.00971414,
5,0.0144658,0.95535,-0.0294796,0.997123,-0.0249209,0.0703161,0.0108874,0.994116,-0.0184646,-0.106423,-0.00289631,0.692204,0.0898075,0.715779,0.00815024,0.23477,0.249545,-0.939376,-0.0135482,0.324725,0.919624,0.220825,-0.00908997,0.270353,0.601713,0.746167,-0.0122661,0.419306,0.881793,-0.210694,0.00474161,
5.1,0.0071439,0.951031,-0.0316984,0.99727,-0.0180346,0.0694078,0.0157492,0.994927,-0.0182873,-0.098513,-0.0047682,0.686627,0.109614,0.718418,0.00454644,0.23477,0.249545,-0.939376,-0.0135482,0.324725,0.919624,0.220825,-0.00908997,0.282397,0.670036,0.680705,-0.00305431,0.406582,0.87501,-0.258515,-0.00310327,
5.2,0.00205102,0.943834,-0.029979,0.997684,-0.0096985,0.0638347,0.016449,0.994827,-0.0144665,-0.0995796,-0.00388789,0.68048,0.126149,0.721702,0.000440086,0.23477,0.249545,-0.939376,-0.0135482,0.324725,0.919624,0.220825,-0.00908997,0.293501,0.721058,0.625913,0.00773389,0.399453,0.868711,-0.29241,-0.00697532,
5.3,-0.000255574,0.933039,-0.0233366,0.998431,0.000449845,0.0524305,0.0119463,0.993587,-0.00609117,-0.111867,0.000432655,0.67362,0.138595,0.725794,-0.00429446,0.23477,0.249545,-0.939376,-0.0135482,0.324725,0.919624,0.220825,-0.00908997,0.30343,0.750453,0.584458,0.0204926,0.399315,0.863019,-0.308896,-0.00588135,
5.4,-0.00294459,0.924564,-0.0200008,0.998521,0.00803975,0.0508818,0.00519747,0.992919,0.00211881,-0.11848,0.00154062,0.668916,0.146942,0.728624,-0.00806212,0.23477,0.249545,-0.939376,-0.0135482,0.324725,0.919624,0.220825,-0.00908997,0.310257,0.774682,0.549925,0.0286732,0.395489,0.86159,-0.317965,-0.00506933,
5.5,-0.00639846,0.92073,-0.0232781,0.997299,0.0105128,0.0690437,-0.00604365,0.993393,0.00999817,-0.113745,-0.00377659,0.668521,0.147094,0.728931,-0.00989605,0.23477,0.249545,-0.939376,-0.0135482,0.324725,0.919624,0.220825,-0.00908997,0.310881,0.788576,0.529234,0.0276977,0.384284,0.868687,-0.312201,-0.0048212,
5.6,-0.00917859,0.918019,-0.0255803,0.996421,0.0132985,0.0821441,-0.0121941,0.994278,0.018368,-0.102144,-0.00785727,0.66846,0.14585,0.729217,-0.00984653,0.23477,0.249545,-0.939376,-0.0135482,0.324725,0.919624,0.220825,-0.00908997,0.311042,0.800275,0.512001,0.0240229,0.372945,0.876163,-0.305089,-0.00468997,
5.7,-0.00960064,0.919239,-0.0244695,0.996748,0.0171789,0.0775293,-0.000527029,0.996601,0.0284543,-0.0665103,-0.00761007,0.669564,0.139725,0.729425,-0.003205,0.23477,0.249545,-0.939376,-0.0135482,0.324725,0.919624,0.220825,-0.00908997,0.309588,0.804288,0.506874,0.0109002,0.361138,0.884965,-0.293264,-0.0049679,
5.8,-0.00999237,0.920113,-0.0233506,0.99705,0.0177512,0.0730179,0.00935534,0.998656,0.0362572,-0.0357504,-0.00663997,0.670907,0.136313,0.728838,0.00216455,0.23477,0.249545,-0.939376,-0.0135482,0.324725,0.919624,0.220825,-0.00908997,0.306795,0.808992,0.501323,-0.00103642,0.349363,0.893252,-0.282817,-0.00524896,
5.9,-0.0101414,0.918213,-0.022166,0.997156,-0.00814024,0.0693336,0.00496036,0.998575,0.0257922,-0.0439806,0.000113435,0.674159,0.154614,0.721896,-0.00264185,0.23477,0.249545,-0.939376,-0.0135482,0.324725,0.919624,0.220825,-0.00908997,0.293284,0.81922,0.492379,-0.00348422,0.337856,0.89741,-0.283394,-0.00555517,
6,-0.0102905,0.916313,-0.0209814,0.997262,-0.0340317,0.0656492,0.000565386,0.998495,0.0153271,-0.0522109,0.00686684,0.677411,0.172915,0.714954,-0.00744825,0.23477,0.249545,-0.939376,-0.0135482,0.324725,0.919624,0.220825,-0.00908997,0.279773,0.829447,0.483435,-0.00593202,0.326348,0.901567,-0.283971,-0.00586138,
6.1,-0.0098734,0.915929,-0.021307,0.997306,-0.0458985,0.0572025,0.00114216,0.997438,0.0114281,-0.070607,-0.0011752,0.675363,0.177305,0.715849,0.00288765,0.23477,0.249545,-0.939376,-0.0135482,0.324725,0.919624,0.220825,-0.00908997,0.274892,0.839354,0.468948,-0.00255398,0.313259,0.910338,-0.270462,-0.00197024,
6.2,-0.0098734,0.915929,-0.021307,0.997306,-0.0458985,0.0572025,0.00114216,0.997438,0.0114281,-0.070607,-0.0011752,0.675363,0.177305,0.715849,0.00288765,0.23477,0.249545,-0.939376,-0.0135482,0.324725,0.919624,0.220825,-0.00908997,0.274892,0.839354,0.468948,-0.00255398,0.313259,0.910338,-0.270462,-0.00197024,
6.3,-0.0098734,0.915929,-0.021307,0.997306,-0.0458985,0.0572025,0.00114216,0.997438,0.0114281,-0.070607,-0.0011752,0.675363,0.177305,0.715849,0.00288765,0.23477,0.249545,-0.939376,-0.0135482,0.324725,0.919624,0.220825,-0.00908997,0.274892,0.839354,0.468948,-0.00255398,0.313259,0.910338,-0.270462,-0.00197024,
6.4,-0.0098734,0.915929,-0.021307,0.997306,-0.0458985,0.0572025,0.00114216,0.997438,0.0114281,-0.070607,-0.0011752,0.675363,0.177305,0.715849,0.00288765,0.23477,0.249545,-0.939376,-0.0135482,0.324725,0.919624,0.220825,-0.00908997,0.274892,0.839354,0.468948,-0.00255398,0.313259,0.910338,-0.270462,-0.00197024,
6.5,-0.0098734,0.915929,-0.021307,0.997306,-0.0458985,0.0572025,0.00114216,0.997438,0.0114281,-0.070607,-0.0011752,0.675363,0.177305,0.715849,0.00288765,0.23477,0.249545,-0.939376,-0.0135482,0.324725,0.919624,0.220825,-0.00908997,0.274892,0.839354,0.468948,-0.00255398,0.313259,0.910338,-0.270462,-0.00197024,
6.6,-0.0098734,0.915929,-0.021307,0.997306,-0.0458985,0.0572025,0.00114216,0.997438,0.0114281,-0.070607,-0.0011752,0.675363,0.177305,0.715849,0.00288765,0.23477,0.249545,-0.939376,-0.0135482,0.324725,0.919624,0.220825,-0.00908997,0.274892,0.839354,0.468948,-0.00255398,0.313259,0.910338,-0.270462,-0.00197024,
6.7,-0.0098734,0.915929,-0.021307,0.997306,-0.0458985,0.0572025,0.00114216,0.997438,0.0114281,-0.070607,-0.0011752,0.675363,0.177305,0.715849,0.00288765,0.23477,0.249545,-0.939376,-0.0135482,0.324725,0.919624,0.220825,-0.00908997,0.274892,0.839354,0.468948,-0.00255398,0.313259,0.910338,-0.270462,-0.00197024,
6.8,-0.0098734,0.915929,-0.021307,0.997306,-0.0458985,0.0572025,0.00114216,0.997438,0.0114281,-0.070607,-0.0011752,0.675363,0.177305,0.715849,0.00288765,0.23477,0.249545,-0.939376,-0.0135482,0.324725,0.919624,0.220825,-0.00908997,0.274892,0.839354,0.468948,-0.00255398,0.313259,0.910338,-0.270462,-0.00197024,
6.9,-0.0098734,0.915929,-0.021307,0.997306,-0.0458985,0.0572025,0.00114216,0.997438,0.0114281,-0.070607,-0.0011752,0.675363,0.177305,0.715849,0.00288765,0.23477,0.249545,-0.939376,-0.0135482,0.324725,0.919624,0.220825,-0.00908997,0.274892,0.839354,0.468948,-0.00255398,0.313259,0.910338,-0.270462,-0.00197024,
7,-0.0098734,0.915929,-0.021307,0.997306,-0.0458985,0.0572025,0.00114216,0.997438,0.0114281,-0.070607,-0.0011752,0.675363,0.177305,0.715849,0.00288765,0.23477,0.249545,-0.939376,-0.0135482,0.324725,0.919624,0.220825,-0.00908997,0.274892,0.839354,0.468948,-0.00255398,0.313259,0.910338,-0.270462,-0.00197024,
7.1,-0.0098734,0.915929,-0.021307,0.997306,-0.0458985,0.0572025,0.00114216,0.997438,0.0114281,-0.070607,-0.0011752,0.675363,0.177305,0.715849,0.00288765,0.23477,0.249545,-0.939376,-0.0135482,0.324725,0.919624,0.220825,-0.00908997,0.274892,0.839354,0.468948,-0.00255398,0.313259,0.910338,-0.270462,-0.00197024,
7.2,-0.0098734,0.915929,-0.021307,0.997306,-0.0458985,0.0572025,0.00114216,0.997438,0.0114281,-0.070607,-0.0011752,0.675363,0.177305,0.715849,0.00288765,0.23477,0.249545,-0.939376,-0.0135482,0.324725,0.919624,0.220825,-0.00908997,0.274892,0.839354,0.468948,-0.00255398,0.313259,0.910338,-0.270462,-0.00197024,
7.3,-0.0098734,0.915929,-0.021307,0.997306,-0.0458985,0.0572025,0.00114216,0.997438,0.0114281,-0.070607,-0.0011752,0.675363,0.177305,0.715849,0.00288765,0.23477,0.249545,-0.939376,-0.0135482,0.324725,0.919624,0.220825,-0.00908997,0.274892,0.839354,0.468948,-0.00255398,0.313259,0.910338,-0.270462,-0.00197024,
7.4,-0.0098734,0.915929,-0.021307,0.997306,-0.0458985,0.0572025,0.00114216,0.997438,0.0114281,-0.070607,-0.0011752,0.675363,0.177305,0.715849,0.00288765,0.23477,0.249545,-0.939376,-0.0135482,0.324725,0.919624,0.220825,-0.00908997,0.274892,0.839354,0.468948,-0.00255398,0.313259,0.910338,-0.270462,-0.00197024,
7.5,-0.0098734,0.915929,-0.021307,0.997306,-0.0458985,0.0572025,0.00114216,0.997438,0.0114281,-0.070607,-0.0011752,0.675363,0.177305,0.715849,0.00288765,0.23477,0.249545,-0.939376,-0.0135482,0.324725,0.919624,0.220825,-0.00908997,0.274892,0.839354,0.468948,-0.00255398,0.313259,0.910338,-0.270462,-0.00197024,
7.6,-0.0098734,0.915929,-0.021307,0.997306,-0.0458985,0.0572025,0.00114216,0.997438,0.0114281,-0.070607,-0.0011752,0.675363,0.177305,0.715849,0.00288765,0.23477,0.249545,-0.939376,-0.0135482,0.324725,0.919624,0.220825,-0.00908997,0.274892,0.839354,0.468948,-0.00255398,0.313259,0.910338,-0.270462,-0.00197024,
7.7,-0.0098734,0.915929,-0.021307,0.997306,-0.0458985,0.0572025,0.00114216,0.997438,0.0114281,-0.070607,-0.0011752,0.675363,0.177305,0.715849,0.00288765,0.23477,0.249545,-0.939376,-0.0135482,0.324725,0.919624,0.220825,-0.00908997,0.274892,0.839354,0.468948,-0.00255398,0.313259,0.910338,-0.270462,-0.00197024,
7.8,-0.0098734,0.915929,-0.021307,0.997306,-0.0458985,0.0572025,0.00114216,0.997438,0.0114281,-0.070607,-0.0011752,0.675363,0.177305,0.715849,0.00288765,0.23477,0.249545,-0.939376,-0.0135482,0.324725,0.919624,0.220825,-0.00908997,0.274892,0.839354,0.468948,-0.00255398,0.313259,0.910338,-0.270462,-0.00197024,
7.9,-0.0098734,0.915929,-0.021307,0.997306,-0.0458985,0.0572025,0.00114216,0.997438,0.0114281,-0.070607,-0.0011752,0.675363,0.177305,0.715849,0.00288765,0.23477,0.249545,-0.939376,-0.0135482,0.324725,0.919624,0.220825,-0.00908997,0.274892,0.839354,0.468948,-0.00255398,0.313259,0.910338,-0.270462,-0.00197024,
8,-0.0098734,0.915929,-0.021307,0.997306,-0.0458985,0.0572025,0.00114216,0.997438,0.0114281,-0.070607,-0.0011752,0.675363,0.177305,0.715849,0.00288765,0.23477,0.249545,-0.939376,-0.0135482,0.324725,0.919624,0.220825,-0.00908997,0.274892,0.839354,0.468948,-0.00255398,0.313259,0.910338,-0.270462,-0.00197024,
8.1,-0.0098734,0.915929,-0.021307,0.997306,-0.0458985,0.0572025,0.00114216,0.997438,0.0114281,-0.070607,-0.0011752,0.675363,0.177305,0.715849,0.00288765,0.23477,0.249545,-0.939376,-0.0135482,0.324725,0.919624,0.220825,-0.00908997,0.274892,0.839354,0.468948,-0.00255398,0.313259,0.910338,-0.270462,-0.00197024,
8.2,-0.0098734,0.915929,-0.021307,0.997306,-0.0458985,0.0572025,0.00114216,0.997438,0.0114281,-0.070607,-0.0011752,0.675363,0.177305,0.715849,0.00288765,0.23477,0.249545,-0.939376,-0.0135482,0.324725,0.919624,0.220825,-0.00908997,0.274892,0.839354,0.468948,-0.00255398,0.313259,0.910338,-0.270462,-0.00197024,
8.3,-0.0108742,0.917887,-0.0205205,0.996934,-0.0454853,0.0633367,0.000817088,0.99767,0.00972992,-0.0674116,0.000132406,0.675643,0.180729,0.714677,-0.00389333,0.23477,0.249545,-0.939376,-0.0135482,0.324725,0.919624,0.220825,-0.00908997,0.269686,0.838634,0.473178,-0.00357026,0.323403,0.900101,-0.290754,-0.000966156,
8.4,-0.0118751,0.919844,-0.019734,0.996561,-0.0450721,0.0694708,0.000492016,0.997901,0.00803174,-0.0642162,0.00144001,0.675923,0.184153,0.713505,-0.0106743,0.23477,0.249545,-0.939376,-0.0135482,0.324725,0.919624,0.220825,-0.00908997,0.264481,0.837914,0.477409,-0.00458654,0.333547,0.889864,-0.311047,3.79263e-05,
8.5,-0.0140482,0.92157,-0.0201688,0.995611,-0.0509583,0.0776049,-0.00214514,0.998545,-0.000211163,-0.0506457,0.00317886,0.671281,0.196616,0.714383,-0.0121594,0.23477,0.249545,-0.939376,-0.0135482,0.324725,0.919624,0.220825,-0.00908997,0.272815,0.824178,0.495477,-0.00324499,0.360319,0.867108,-0.340215,0.00148104,
8.6,-0.0163679,0.923268,-0.0207563,0.994589,-0.057632,0.0859889,-0.0050713,0.99924,-0.00927216,-0.0357782,0.00497163,0.666023,0.21021,0.715519,-0.0129824,0.23477,0.249545,-0.939376,-0.0135482,0.324725,0.919624,0.220825,-0.00908997,0.282843,0.808815,0.515275,-0.00160871,0.38917,0.842786,-0.370493,0.00297904,
8.7,-0.0190847,0.918925,-0.0184268,0.995057,-0.0585643,0.079075,-0.000582866,0.999488,-0.0142515,-0.0246252,0.00863441,0.662265,0.221076,0.715726,-0.0121568,0.23477,0.249545,-0.939376,-0.0135482,0.324725,0.919624,0.220825,-0.00908997,0.284925,0.809369,0.513396,0.00420957,0.417554,0.811273,-0.405135,0.00409458,
8.8,-0.0219149,0.912857,-0.0152639,0.995951,-0.0578562,0.0677902,0.00602402,0.999609,-0.0180646,-0.0145335,0.0128315,0.658937,0.231163,0.715668,-0.0108602,0.23477,0.249545,-0.939376,-0.0135482,0.324725,0.919624,0.220825,-0.00908997,0.284737,0.814472,0.505323,0.0112227,0.445804,0.777705,-0.441024,0.00510085,
8.9,-0.0263994,0.908779,-0.0162713,0.99588,-0.0563314,0.0700503,0.00777085,0.999236,-0.0189778,-0.0248815,0.0102555,0.660264,0.249277,0.707947,-0.00373853,0.23477,0.249545,-0.939376,-0.0135482,0.324725,0.919624,0.220825,-0.00908997,0.301118,0.833826,0.455991,0.0125836,0.460414,0.743264,-0.482165,0.00344518,
9,-0.031711,0.905696,-0.0193638,0.995325,-0.0543983,0.0790828,0.00708764,0.998617,-0.018441,-0.0454495,0.00429289,0.66392,0.271406,0.696393,0.00629569,0.23477,0.249545,-0.939376,-0.0135482,0.324725,0.919624,0.220825,-0.00908997,0.325783,0.860306,0.386029,0.0111185,0.468204,0.708385,-0.525932,0.000458546,
9.1,-0.0295827,0.904997,-0.0155457,0.995504,-0.0524156,0.0774171,0.0102161,0.997459,-0.003159,-0.0644557,0.000829486,0.661521,0.286972,0.692681,0.00707741,0.23477,0.249545,-0.939376,-0.0135482,0.324725,0.919624,0.220825,-0.00908997,0.335584,0.88726,0.302739,0.013865,0.460506,0.67515,-0.573316,-0.00114601,
9.2,-0.0215025,0.906205,-0.00619922,0.996268,-0.0503932,0.067193,0.016394,0.995871,0.0239193,-0.0822125,-0.000634568,0.654279,0.297288,0.69524,0.000457131,0.23477,0.249545,-0.939376,-0.0135482,0.324725,0.919624,0.220825,-0.00908997,0.333493,0.914593,0.208787,0.0199809,0.440419,0.643229,-0.623595,-0.0016449,
9.3,-0.00727994,0.910569,-0.00387186,0.996544,-0.0438758,0.0665872,0.0179346,0.994245,0.0462516,-0.0953612,-0.00141699,0.651716,0.308165,0.69288,-0.00572458,0.23477,0.249545,-0.939376,-0.0135482,0.324725,0.919624,0.220825,-0.00908997,0.327772,0.93341,0.136673,0.0295518,0.42778,0.619824,-0.657684,-0.00148854,
9.4,0.0146204,0.918879,-0.0103185,0.996211,-0.0317396,0.0780044,0.0136784,0.992573,0.0626516,-0.10275,-0.00134736,0.655004,0.319745,0.684371,-0.0113581,0.23477,0.249545,-0.939376,-0.0135482,0.324725,0.919624,0.220825,-0.00908997,0.317513,0.941581,0.0918548,0.0434414,0.424451,0.607062,-0.671538,-0.00051311,
9.5,0.029307,0.9259,-0.0159813,0.996359,-0.0176818,0.0809028,0.00972196,0.990177,0.0789746,-0.113785,-0.0016105,0.658623,0.321436,0.68004,-0.0150446,0.23477,0.249545,-0.939376,-0.0135482,0.324725,0.919624,0.220825,-0.00908997,0.315184,0.945944,0.0498176,0.0488138,0.420153,0.600648,-0.680176,-0.000844583,
9.6,0.0295659,0.93034,-0.0200766,0.997472,0.000218931,0.0667634,0.00636493,0.986332,0.0951435,-0.132116,-0.00253916,0.662903,0.30335,0.684064,-0.014837,0.23477,0.249545,-0.939376,-0.0135482,0.324725,0.919624,0.220825,-0.00908997,0.328716,0.942691,0.0133419,0.0371518,0.413917,0.606928,-0.678383,-0.00378986,
9.7,0.0294182,0.934947,-0.0217905,0.998255,0.0173661,0.0553505,0.00480935,0.982568,0.110263,-0.149208,-0.00269616,0.668442,0.282507,0.687561,-0.0141168,0.23477,0.249545,-0.939376,-0.0135482,0.324725,0.919624,0.220825,-0.00908997,0.342089,0.938867,-0.0207228,0.0241191,0.410076,0.610862,-0.677226,-0.00529449,
9.8,0.0278477,0.940135,-0.0151695,0.997885,0.0318755,0.0534799,0.00955882,0.979088,0.121708,-0.161968,-0.000152343,0.678385,0.252016,0.689217,-0.0116025,0.23477,0.249545,-0.939376,-0.0135482,0.324725,0.919624,0.220825,-0.00908997,0.354904,0.933049,-0.0463492,0.00628895,0.414618,0.606584,-0.678298,-0.00175689,
9.9,0.0262908,0.945434,-0.00967937,0.997575,0.042843,0.0524581,0.0133657,0.976047,0.128638,-0.174787,0.00187606,0.688076,0.22651,0.689249,-0.00864949,0.23477,0.249545,-0.939376,-0.0135482,0.324725,0.919624,0.220825,-0.00908997,0.365707,0.927871,-0.0715318,-0.00894786,0.41833,0.603577,-0.67873,0.00121463,
10,0.0248421,0.951626,-0.0132361,0.997738,0.0254742,0.058227,0.00963178,0.976519,0.0994382,-0.188077,-0.00021887,0.695758,0.240878,0.676288,-0.0021876,0.23477,0.249545,-0.939376,-0.0135482,0.324725,0.919624,0.220825,-0.00908997,0.360405,0.92781,-0.0931645,-0.00343807,0.415405,0.610741,-0.674047,-0.000342461,
10.1,0.0233934,0.957817,-0.0167927,0.9979,0.00810549,0.0639958,0.00589786,0.976991,0.0702388,-0.201368,-0.0023138,0.70344,0.255246,0.663328,0.00427429,0.23477,0.249545,-0.939376,-0.0135482,0.324725,0.919624,0.220825,-0.00908997,0.355102,0.92775,-0.114797,0.00207171,0.412481,0.617905,-0.669365,-0.00189955,
10.2,0.0225126,0.95812,-0.0171803,0.997422,0.00253053,0.0716609,0.00263499,0.980478,0.0750508,-0.181691,-0.00422931,0.702098,0.258325,0.663569,0.0014525,0.23477,0.249545,-0.939376,-0.0135482,0.324725,0.919624,0.220825,-0.00908997,0.35364,0.923386,-0.149296,0.0027255,0.380795,0.638281,-0.669023,-0.000772886,
10.3,0.0225126,0.95812,-0.0171803,0.997422,0.00253053,0.0716609,0.00263499,0.980478,0.0750508,-0.181691,-0.00422931,0.702098,0.258325,0.663569,0.0014525,0.23477,0.249545,-0.939376,-0.0135482,0.324725,0.919624,0.220825,-0.00908997,0.35364,0.923386,-0.149296,0.0027255,0.380795,0.638281,-0.669023,-0.000772886,
10.4,0.0225126,0.95812,-0.0171803,0.997422,0.00253053,0.0716609,0.00263499,0.980478,0.0750508,-0.181691,-0.00422931,0.702098,0.258325,0.663569,0.0014525,0.23477,0.249545,-0.939376,-0.0135482,0.324725,0.919624,0.220825,-0.00908997,0.35364,0.923386,-0.149296,0.0027255,0.380795,0.638281,-0.669023,-0.000772886,
10.5,0.0225126,0.95812,-0.0171803,0.997422,0.00253053,0.0716609,0.00263499,0.980478,0.0750508,-0.181691,-0.00422931,0.702098,0.258325,0.663569,0.0014525,0.23477,0.249545,-0.939376,-0.0135482,0.324725,0.919624,0.220825,-0.00908997,0.35364,0.923386,-0.149296,0.0027255,0.380795,0.638281,-0.669023,-0.000772886,
10.6,0.0225126,0.95812,-0.0171803,0.997422,0.00253053,0.0716609,0.00263499,0.980478,0.0750508,-0.181691,-0.00422931,0.702098,0.258325,0.663569,0.0014525,0.23477,0.249545,-0.939376,-0.0135482,0.324725,0.919624,0.220825,-0.00908997,0.35364,0.923386,-0.149296,0.0027255,0.380795,0.638281,-0.669023,-0.000772886,
10.7,0.0225126,0.95812,-0.0171803,0.997422,0.00253053,0.0716609,0.00263499,0.980478,0.0750508,-0.181691,-0.00422931,0.702098,0.258325,0.663569,0.0014525,0.23477,0.249545,-0.939376,-0.0135482,0.324725,0.919624,0.220825,-0.00908997,0.35364,0.923386,-0.149296,0.0027255,0.380795,0.638281,-0.669023,-0.000772886,
10.8,0.0225126,0.95812,-0.0171803,0.997422,0.00253053,0.0716609,0.00263499,0.980478,0.0750508,-0.181691,-0.00422931,0.702098,0.258325,0.663569,0.0014525,0.23477,0.249545,-0.939376,-0.0135482,0.324725,0.919624,0.220825,-0.00908997,0.35364,0.923386,-0.149296,0.0027255,0.380795,0.638281,-0.669023,-0.000772886,
10.9,0.0225126,0.95812,-0.0171803,0.997422,0.00253053,0.0716609,0.00263499,0.980478,0.0750508,-0.181691,-0.00422931,0.702098,0.258325,0.663569,0.0014525,0.23477,0.249545,-0.939376,-0.0135482,0.324725,0.919624,0.220825,-0.00908997,0.35364,0.923386,-0.149296,0.0027255,0.380795,0.638281,-0.669023,-0.000772886,
11,0.0225126,0.95812,-0.0171803,0.997422,0.00253053,0.0716609,0.00263499,0.980478,0.0750508,-0.181691,-0.00422931,0.702098,0.258325,0.663569,0.0014525,0.23477,0.249545,-0.939376,-0.0135482,0.324725,0.919624,0.220825,-0.00908997,0.35364,0.923386,-0.149296,0.0027255,0.380795,0.638281,-0.669023,-0.000772886,
11.1,0.0225126,0.95812,-0.0171803,0.997422,0.00253053,0.0716609,0.00263499,0.980478,0.0750508,-0.181691,-0.00422931,0.702098,0.258325,0.663569,0.0014525,0.23477,0.249545,-0.939376,-0.0135482,0.324725,0.919624,0.220825,-0.00908997,0.35364,0.923386,-0.149296,0.0027255,0.380795,0.638281,-0.669023,-0.000772886,
11.2,0.0225126,0.95812,-0.0171803,0.997422,0.00253053,0.0716609,0.00263499,0.980478,0.0750508,-0.181691,-0.00422931,0.702098,0.258325,0.663569,0.0014525,0.23477,0.249545,-0.939376,-0.0135482,0.324725,0.919624,0.220825,-0.00908997,0.35364,0.923386,-0.149296,0.0027255,0.380795,0.638281,-0.669023,-0.000772886,
11.3,0.0225126,0.95812,-0.0171803,0.997422,0.00253053,0.0716609,0.00263499,0.980478,0.0750508,-0.181691,-0.00422931,0.702098,0.258325,0.663569,0.0014525,0.23477,0.249545,-0.939376,-0.0135482,0.324725,0.919624,0.220825,-0.00908997,0.35364,0.923386,-0.149296,0.0027255,0.380795,0.638281,-0.669023,-0.000772886,
11.4,0.0225126,0.95812,-0.0171803,0.997422,0.00253053,0.0716609,0.00263499,0.980478,0.0750508,-0.181691,-0.00422931,0.702098,0.258325,0.663569,0.0014525,0.23477,0.249545,-0.939376,-0.0135482,0.324725,0.919624,0.220825,-0.00908997,0.35364,0.923386,-0.149296,0.0027255,0.380795,0.638281,-0.669023,-0.000772886,
11.5,0.0225126,0.95812,-0.0171803,0.997422,0.00253053,0.0716609,0.00263499,0.980478,0.0750508,-0.181691,-0.00422931,0.702098,0.258325,0.663569,0.0014525,0.23477,0.249545,-0.939376,-0.0135482,0.324725,0.919624,0.220825,-0.00908997,0.35364,0.923386,-0.149296,0.0027255,0.380795,0.638281,-0.669023,-0.000772886,
11.6,0.0225126,0.95812,-0.0171803,0.997422,0.00253053,0.0716609,0.00263499,0.980478,0.0750508,-0.181691,-0.00422931,0.702098,0.258325,0.663569,0.0014525,0.23477,0.249545,-0.939376,-0.0135482,0.324725,0.919624,0.220825,-0.00908997,0.35364,0.923386,-0.149296,0.0027255,0.380795,0.638281,-0.669023,-0.000772886,
11.7,0.0225126,0.95812,-0.0171803,0.997422,0.00253053,0.0716609,0.00263499,0.980478,0.0750508,-0.181691,-0.00422931,0.702098,0.258325,0.663569,0.0014525,0.23477,0.249545,-0.939376,-0.0135482,0.324725,0.919624,0.220825,-0.00908997,0.35364,0.923386,-0.149296,0.0027255,0.380795,0.638281,-0.669023,-0.000772886,
11.8,0.0225126,0.95812,-0.0171803,0.997422,0.00253053,0.0716609,0.00263499,0.980478,0.0750508,-0.181691,-0.00422931,0.702098,0.258325,0.663569,0.0014525,0.23477,0.249545,-0.939376,-0.0135482,0.324725,0.919624,0.220825,-0.00908997,0.35364,0.923386,-0.149296,0.0027255,0.380795,0.638281,-0.669023,-0.000772886,
11.9,0.0225126,0.95812,-0.0171803,0.997422,0.00253053,0.0716609,0.00263499,0.980478,0.0750508,-0.181691,-0.00422931,0.702098,0.258325,0.663569,0.0014525,0.23477,0.249545,-0.939376,-0.0135482,0.324725,0.919624,0.220825,-0.00908997,0.35364,0.923386,-0.149296,0.0027255,0.380795,0.638281,-0.669023,-0.000772886,
12,0.0225126,0.95812,-0.0171803,0.997422,0.00253053,0.0716609,0.00263499,0.980478,0.0750508,-0.181691,-0.00422931,0.702098,0.258325,0.663569,0.0014525,0.23477,0.249545,-0.939376,-0.0135482,0.324725,0.919624,0.220825,-0.00908997,0.35364,0.923386,-0.149296,0.0027255,0.380795,0.638281,-0.669023,-0.000772886,
12.1,0.0225126,0.95812,-0.0171803,0.997422,0.00253053,0.0716609,0.00263499,0.980478,0.0750508,-0.181691,-0.00422931,0.702098,0.258325,0.663569,0.0014525,0.23477,0.249545,-0.939376,-0.0135482,0.324725,0.919624,0.220825,-0.00908997,0.35364,0.923386,-0.149296,0.0027255,0.380795,0.638281,-0.669023,-0.000772886,
12.2,0.0225126,0.95812,-0.0171803,0.997422,0.00253053,0.0716609,0.00263499,0.980478,0.0750508,-0.181691,-0.00422931,0.702098,0.258325,0.663569,0.0014525,0.23477,0.249545,-0.939376,-0.0135482,0.324725,0.919624,0.220825,-0.00908997,0.35364,0.923386,-0.149296,0.0027255,0.380795,0.638281,-0.669023,-0.000772886,
12.3,0.0272197,0.958611,-0.0154322,0.997502,-0.00527013,0.0698457,0.000614923,0.980658,0.0632844,-0.184672,-0.00462282,0.701085,0.26208,0.663136,-0.00251948,0.23477,0.249545,-0.939376,-0.0135482,0.324725,0.919624,0.220825,-0.00908997,0.337178,0.93139,-0.134687,0.00338607,0.382761,0.626237,-0.678979,0.0010006,
12.4,0.0319268,0.959101,-0.0136842,0.997581,-0.0130708,0.0680304,-0.00140514,0.980837,0.051518,-0.187652,-0.00501633,0.700072,0.265834,0.662704,-0.00649145,0.23477,0.249545,-0.939376,-0.0135482,0.324725,0.919624,0.220825,-0.00908997,0.320715,0.939395,-0.120078,0.00404664,0.384727,0.614193,-0.688936,0.00277409,
12.5,0.0366108,0.955745,-0.0124242,0.997194,-0.0179495,0.0722351,-0.00225633,0.981697,0.0366602,-0.186059,-0.00231712,0.695154,0.285776,0.658995,-0.00853127,0.23477,0.249545,-0.939376,-0.0135482,0.324725,0.919624,0.220825,-0.00908997,0.326681,0.939701,-0.0962749,0.00233711,0.398534,0.592843,-0.699003,0.00119787,
12.6,0.0412883,0.951291,-0.0113037,0.996674,-0.0219933,0.0781598,-0.00277356,0.982751,0.020919,-0.183158,0.00126571,0.689122,0.310344,0.65435,-0.010019,0.23477,0.249545,-0.939376,-0.0135482,0.324725,0.919624,0.220825,-0.00908997,0.339056,0.937807,-0.0698444,-4.9592e-05,0.415724,0.568834,-0.709101,-0.00133541,
12.7,0.0459695,0.947993,-0.00783058,0.996962,-0.0177828,0.073938,0.000291871,0.981672,0.0108793,-0.189516,0.00627199,0.68592,0.327881,0.649362,-0.0128374,0.23477,0.249545,-0.939376,-0.0135482,0.324725,0.919624,0.220825,-0.00908997,0.35298,0.933353,-0.0626228,0.00142644,0.434667,0.542896,-0.717763,-0.00286026,
12.8,0.0506538,0.945621,-0.00247545,0.997899,-0.00696903,0.0615991,0.00622342,0.978886,0.00540081,-0.203281,0.012417,0.684982,0.339795,0.644101,-0.0167201,0.23477,0.249545,-0.939376,-0.0135482,0.324725,0.919624,0.220825,-0.00908997,0.368145,0.926851,-0.0707682,0.00599267,0.455012,0.515415,-0.725277,-0.00357835,
12.9,0.0623061,0.94709,0.00340611,0.998547,0.00547893,0.0504984,0.0109165,0.973926,0.00244622,-0.224415,0.0142635,0.682476,0.357242,0.63693,-0.0163894,0.23477,0.249545,-0.939376,-0.0135482,0.324725,0.919624,0.220825,-0.00908997,0.382721,0.917968,-0.0937603,0.00943715,0.467187,0.488553,-0.736461,-0.00530909,
13,0.0878947,0.956243,0.0103405,0.998618,0.0211952,0.0418742,0.0131327,0.964616,0.0045395,-0.26029,0.00751279,0.676833,0.385757,0.625936,-0.00763177,0.23477,0.249545,-0.939376,-0.0135482,0.324725,0.919624,0.220825,-0.00908997,0.39612,0.904326,-0.146445,0.0106382,0.463023,0.46293,-0.754985,-0.00906511,
13.1,0.111711,0.965609,0.0177443,0.998693,0.0350432,0.0314065,0.0156158,0.954074,0.0102367,-0.297766,0.00135541,0.670768,0.417932,0.61164,-0.000263183,0.23477,0.249545,-0.939376,-0.0135482,0.324725,0.919624,0.220825,-0.00908997,0.406472,0.891121,-0.199407,0.0117456,0.457012,0.43907,-0.773318,-0.0115802,
13.2,0.121354,0.976683,0.0289031,0.998793,0.0339456,0.00619127,0.020234,0.933674,0.0447649,-0.348051,-5.55135e-05,0.661339,0.479392,0.570931,-0.0040069,0.23477,0.249545,-0.939376,-0.0135482,0.324725,0.919624,0.220825,-0.00908997,0.392444,0.881428,-0.254577,0.0121043,0.436238,0.429315,-0.790127,-0.00416809,
13.3,0.130997,0.987756,0.040062,0.998893,0.032848,-0.019024,0.0248521,0.913273,0.0792931,-0.398337,-0.00146644,0.651909,0.540851,0.530222,-0.00775063,0.23477,0.249545,-0.939376,-0.0135482,0.324725,0.919624,0.220825,-0.00908997,0.378417,0.871734,-0.309747,0.0124631,0.415464,0.419559,-0.806937,0.00324405,
13.4,0.116377,0.984961,0.0341006,0.997134,0.0538775,0.0101691,0.0221629,0.897271,0.0817607,-0.432133,-0.00160325,0.651211,0.617103,0.408921,-0.0130683,0.23477,0.249545,-0.939376,-0.0135482,0.324725,0.919624,0.220825,-0.00908997,0.380026,0.850761,-0.35753,0.0236628,0.418793,0.402544,-0.813692,0.00162984,
13.5,0.0987238,0.980431,0.0259992,0.995142,0.0776728,0.0461632,0.0185602,0.881818,0.0802207,-0.463867,-0.0015808,0.651606,0.695203,0.277545,-0.0185826,0.23477,0.249545,-0.939376,-0.0135482,0.324725,0.919624,0.220825,-0.00908997,0.38359,0.828379,-0.404389,0.0362176,0.425136,0.38462,-0.819191,-0.00111265,
13.6,0.088547,0.978382,0.0248673,0.993958,0.0919092,0.057362,0.0109316,0.877086,0.0695733,-0.475003,-0.00273656,0.644196,0.734622,0.206826,-0.017315,0.23477,0.249545,-0.939376,-0.0135482,0.324725,0.919624,0.220825,-0.00908997,0.383466,0.815691,-0.430781,0.0411084,0.429134,0.377492,-0.820548,-0.0044452,
13.7,0.0821085,0.977573,0.02722,0.993176,0.101366,0.0561632,0.00129005,0.877714,0.0543721,-0.47584,-0.00448142,0.632884,0.754701,0.166436,-0.0126563,0.23477,0.249545,-0.939376,-0.0135482,0.324725,0.919624,0.220825,-0.00908997,0.381498,0.807851,-0.446939,0.0421673,0.431959,0.37576,-0.819834,-0.00807277,
13.8,0.0780239,0.978462,0.0265981,0.992233,0.108057,0.0605825,-0.0030188,0.874734,0.0479808,-0.481957,-0.00727028,0.623934,0.769776,0.131884,-0.00803285,0.23477,0.249545,-0.939376,-0.0135482,0.324725,0.919624,0.220825,-0.00908997,0.380127,0.804186,-0.455326,0.0341695,0.430541,0.375408,-0.820716,-0.00880437,
13.9,0.0768817,0.981475,0.022258,0.99109,0.111291,0.0720245,-0.000661761,0.867244,0.0526017,-0.494675,-0.0113641,0.617935,0.778596,0.104632,-0.00345344,0.23477,0.249545,-0.939376,-0.0135482,0.324725,0.919624,0.220825,-0.00908997,0.379505,0.805738,-0.454001,0.014851,0.423819,0.37678,-0.823594,-0.00591601,
14,0.0784787,0.986563,0.018499,0.990636,0.111882,0.0771168,8.85925e-05,0.861784,0.0498649,-0.50426,-0.014149,0.614081,0.784368,0.0868356,0.00108525,0.23477,0.249545,-0.939376,-0.0135482,0.324725,0.919624,0.220825,-0.00908997,0.377912,0.806239,-0.455078,-0.00114191,0.420446,0.378404,-0.824603,-0.00404791,
14.1,0.0896626,0.998916,0.0167742,0.992593,0.103221,0.0599847,-0.00478447,0.863427,0.0213755,-0.502875,-0.0123525,0.617736,0.779478,0.102136,0.00548144,0.23477,0.249545,-0.939376,-0.0135482,0.324725,0.919624,0.220825,-0.00908997,0.372927,0.803059,-0.46456,-0.00549495,0.428794,0.380911,-0.81907,-0.00575072,
14.2,0.100847,1.01127,0.0150493,0.994549,0.0945613,0.0428527,-0.00965753,0.86507,-0.00711393,-0.501491,-0.010556,0.62139,0.774587,0.117437,0.00987762,0.23477,0.249545,-0.939376,-0.0135482,0.324725,0.919624,0.220825,-0.00908997,0.367942,0.799879,-0.474042,-0.00984799,0.437143,0.383418,-0.813536,-0.00745354,
14.3,0.103937,1.01072,0.0151144,0.99191,0.106397,0.0692393,0.000590675,0.860483,0.00505608,-0.509429,0.00515616,0.615807,0.779474,0.1149,-0.000454504,0.23477,0.249545,-0.939376,-0.0135482,0.324725,0.919624,0.220825,-0.00908997,0.354505,0.8028,-0.479379,0.00585124,0.418545,0.402828,-0.813972,-0.000751453,
14.4,0.102289,1.01203,0.0144279,0.993418,0.0979855,0.0566463,0.00126728,0.865598,-0.00502783,-0.50035,0.00841609,0.611253,0.77415,0.15695,-0.00168341,0.23477,0.249545,-0.939376,-0.0135482,0.324725,0.919624,0.220825,-0.00908997,0.329756,0.827934,-0.450447,0.00951876,0.421879,0.389274,-0.818654,-0.000859275,
14.5,0.100642,1.01334,0.0137413,0.994926,0.0895739,0.0440534,0.00194389,0.870713,-0.0151117,-0.491271,0.011676,0.6067,0.768826,0.199,-0.00291232,0.23477,0.249545,-0.939376,-0.0135482,0.324725,0.919624,0.220825,-0.00908997,0.305008,0.853068,-0.421514,0.0131863,0.425213,0.37572,-0.823336,-0.000967097,
14.6,0.104032,1.01336,0.0131658,0.995712,0.0857089,0.024251,-2.14084e-05,0.878343,-0.0222014,-0.476911,0.011312,0.619599,0.74219,0.245906,-0.0036016,0.23477,0.249545,-0.939376,-0.0135482,0.324725,0.919624,0.220825,-0.00908997,0.286533,0.879515,-0.373399,0.0100426,0.415102,0.379476,-0.826556,-0.000960019,
14.7,0.109941,1.01273,0.0126458,0.996137,0.0841172,0.000843962,-0.00330766,0.88723,-0.0277941,-0.459911,0.00913604,0.641224,0.704897,0.29524,-0.00402107,0.23477,0.249545,-0.939376,-0.0135482,0.324725,0.919624,0.220825,-0.00908997,0.271195,0.906617,-0.315693,0.00349331,0.398268,0.391886,-0.829044,-0.000895491,
14.8,0.115406,1.00889,0.013462,0.995986,0.0815921,-0.0250846,-0.0021299,0.894997,-0.0371515,-0.444064,0.00842674,0.663844,0.655955,0.349731,-0.0055552,0.23477,0.249545,-0.939376,-0.0135482,0.324725,0.919624,0.220825,-0.00908997,0.261295,0.930387,-0.235376,-0.000582806,0.389035,0.409096,-0.824979,-0.00110802,
14.9,0.11998,0.998637,0.0169505,0.994681,0.0772002,-0.0560561,0.00797587,0.900523,-0.0540385,-0.430525,0.0106508,0.688452,0.583713,0.414537,-0.00931868,0.23477,0.249545,-0.939376,-0.0135482,0.324725,0.919624,0.220825,-0.00908997,0.262273,0.947493,-0.10984,0.000287395,0.395004,0.435907,-0.807808,-0.00187467,
15,0.124554,0.988386,0.020439,0.993377,0.0728083,-0.0870277,0.0180816,0.90605,-0.0709255,-0.416986,0.0128748,0.71306,0.511472,0.479343,-0.0130822,0.23477,0.249545,-0.939376,-0.0135482,0.324725,0.919624,0.220825,-0.00908997,0.26325,0.964599,0.0156962,0.0011576,0.400972,0.462718,-0.790637,-0.00264131,
15.1,0.139767,0.968273,0.020544,0.989732,0.0512657,-0.123358,0.00925652,0.920628,-0.0775059,-0.379645,0.00514855,0.714311,0.458421,0.522713,-0.0104808,0.23477,0.249545,-0.939376,-0.0135482,0.324725,0.919624,0.220825,-0.00908997,0.258586,0.905333,0.224756,0.00183198,0.387592,0.504094,-0.769752,-0.00554774,
15.2,0.154981,0.94816,0.020649,0.986086,0.0297231,-0.159689,0.000431403,0.935207,-0.0840864,-0.342303,-0.00257767,0.715561,0.405371,0.566082,-0.00787945,0.23477,0.249545,-0.939376,-0.0135482,0.324725,0.919624,0.220825,-0.00908997,0.253922,0.846066,0.433815,0.00250637,0.374211,0.545469,-0.748866,-0.00845416,
15.3,0.147409,0.946795,0.0162849,0.984427,0.020098,-0.174478,-0.00415422,0.953147,-0.0879397,-0.275611,-0.00494518,0.713638,0.372929,0.592209,-0.00532211,0.23477,0.249545,-0.939376,-0.0135482,0.324725,0.919624,0.220825,-0.00908997,0.243339,0.752302,0.586325,0.00174326,0.34701,0.60943,-0.705077,-0.00807398,
15.4,0.128445,0.954804,0.00968615,0.983761,0.0164317,-0.178496,-0.00662009,0.972769,-0.0904296,-0.194244,-0.00463333,0.710127,0.350792,0.609714,-0.00278678,0.23477,0.249545,-0.939376,-0.0135482,0.324725,0.919624,0.220825,-0.00908997,0.229796,0.641289,0.710559,0.0002614,0.312899,0.684684,-0.649834,-0.00605049,
15.5,0.106693,0.966739,0.00347662,0.984757,0.0205433,-0.169237,-0.00799447,0.98709,-0.0909781,-0.1112,-0.00387436,0.706905,0.332247,0.624303,-0.000912387,0.23477,0.249545,-0.939376,-0.0135482,0.324725,0.919624,0.220825,-0.00908997,0.209634,0.528921,0.814833,0.000549624,0.280744,0.746338,-0.601709,-0.00427633,
15.6,0.0793627,0.986529,-0.00195453,0.989079,0.0402108,-0.133423,-0.00718586,0.990812,-0.087644,-0.0248029,-0.00222114,0.704263,0.320886,0.633057,-0.000359886,0.23477,0.249545,-0.939376,-0.0135482,0.324725,0.919624,0.220825,-0.00908997,0.176233,0.413842,0.879188,0.00437801,0.252502,0.780793,-0.567817,-0.00300081,
15.7,0.0520325,1.00632,-0.00738569,0.993401,0.0598782,-0.0976101,-0.00637725,0.994534,-0.08431,0.0615946,-0.000567929,0.701621,0.309525,0.641812,0.000192616,0.23477,0.249545,-0.939376,-0.0135482,0.324725,0.919624,0.220825,-0.00908997,0.142832,0.298764,0.943542,0.00820639,0.224259,0.815248,-0.533925,-0.00172529,
15.8,0.0425579,1.00688,-0.00404444,0.995777,0.0484827,-0.0693211,-0.00452432,0.993714,-0.081844,0.0745066,-0.00504504,0.691582,0.290316,0.660557,0.000798683,0.23477,0.249545,-0.939376,-0.0135482,0.324725,0.919624,0.220825,-0.00908997,0.148613,0.239933,0.956613,0.0162555,0.220512,0.818979,-0.529648,-0.00589801,
15.9,0.0330834,1.00744,-0.000703195,0.998152,0.0370872,-0.0410321,-0.00267138,0.992893,-0.079378,0.0874187,-0.00952216,0.681543,0.271106,0.679302,0.00140475,0.23477,0.249545,-0.939376,-0.0135482,0.324725,0.919624,0.220825,-0.00908997,0.154393,0.181101,0.969684,0.0243046,0.216766,0.822711,-0.525372,-0.0100707,
16,0.0342842,1.00225,0.00175354,0.999186,0.0264106,-0.0184734,-0.00467499,0.993965,-0.0741882,0.0744833,-0.0132276,0.684249,0.250414,0.684361,0.0074522,0.23477,0.249545,-0.939376,-0.0135482,0.324725,0.919624,0.220825,-0.00908997,0.154791,0.142821,0.976844,0.0186392,0.226199,0.813731,-0.534549,-0.00636001,
16.1,0.0408227,0.994192,0.00376803,0.999549,0.0160936,0.00122009,-0.00860687,0.995982,-0.0676364,0.0486242,-0.0165472,0.693328,0.228981,0.682576,0.0162203,0.23477,0.249545,-0.939376,-0.0135482,0.324725,0.919624,0.220825,-0.00908997,0.152497,0.114818,0.981047,0.00611642,0.242222,0.798396,-0.550453,0.00129246,
16.2,0.040767,0.989583,0.00485756,0.999799,0.00817489,0.0141619,-0.0112644,0.997151,-0.0649701,0.0209038,-0.0188443,0.700225,0.211118,0.6816,0.0212355,0.23477,0.249545,-0.939376,-0.0135482,0.324725,0.919624,0.220825,-0.00908997,0.150141,0.0952065,0.984051,-0.0037137,0.254933,0.789706,-0.557887,0.00599263,
16.3,0.0275227,0.991876,0.0040972,0.999823,0.00505303,0.0136003,-0.011373,0.996624,-0.0700745,-0.0105392,-0.0190962,0.702758,0.200394,0.68224,0.0187447,0.23477,0.249545,-0.939376,-0.0135482,0.324725,0.919624,0.220825,-0.00908997,0.14766,0.0923803,0.984657,-0.0081586,0.261017,0.794306,-0.548384,0.00478821,
16.4,0.0142785,0.99417,0.00333683,0.999847,0.00193117,0.0130387,-0.0114817,0.996098,-0.075179,-0.0419822,-0.0193481,0.705291,0.18967,0.682881,0.0162539,0.23477,0.249545,-0.939376,-0.0135482,0.324725,0.919624,0.220825,-0.00908997,0.14518,0.0895541,0.985263,-0.0126035,0.267101,0.798906,-0.538882,0.00358379,
16.5,0.0140631,0.996133,0.00575777,0.999688,0.00190016,0.0239803,-0.00669313,0.995412,-0.0824484,-0.0485005,-0.00239409,0.705536,0.2023,0.679184,-0.00181686,0.226731,0.260194,-0.938526,-0.00779061,0.331197,0.913105,0.237797,0.000950431,0.14518,0.0895541,0.985263,-0.0126035,0.267101,0.798906,-0.538882,0.00358379,
16.6,0.0141673,0.997164,0.00521562,0.999629,0.00579002,0.0240192,-0.00986202,0.995373,-0.0822595,-0.0495903,-0.00205866,0.705585,0.194859,0.681247,-0.0013779,0.227171,0.253392,-0.940229,-0.00933159,0.328599,0.915661,0.231327,-0.000457678,0.14518,0.0895541,0.985263,-0.0126035,0.267101,0.798906,-0.538882,0.00358379,
16.7,0.0142715,0.998195,0.00467347,0.99957,0.00967988,0.0240581,-0.0130309,0.995335,-0.0820706,-0.0506801,-0.00172322,0.705634,0.187418,0.683311,-0.000938938,0.227612,0.246589,-0.941931,-0.0108726,0.326001,0.918217,0.224857,-0.00186579,0.14518,0.0895541,0.985263,-0.0126035,0.267101,0.798906,-0.538882,0.00358379,
16.8,0.0140322,1.00005,0.00246181,0.999623,0.00876763,0.0218173,-0.0131509,0.995598,-0.0807625,-0.0470885,-0.00150991,0.706935,0.181263,0.683626,-0.00152879,0.229434,0.239556,-0.9433,-0.00784195,0.326106,0.918638,0.222986,-0.00457933,0.14518,0.0895541,0.985263,-0.0126035,0.267101,0.798906,-0.538882,0.00358379,
16.9,0.013621,1.00232,-0.000584612,0.999733,0.00545431,0.0184367,-0.0117464,0.99601,-0.0788947,-0.0411562,-0.00135766,0.708862,0.17575,0.683067,-0.00263305,0.231946,0.232409,-0.944502,-0.00252554,0.327562,0.917993,0.223415,-0.00794559,0.14518,0.0895541,0.985263,-0.0126035,0.267101,0.798906,-0.538882,0.00358379,
17,0.0133446,1.00445,-0.00338458,0.999806,0.0042093,0.0160197,-0.0103074,0.996401,-0.0769284,-0.0344982,0.00094147,0.710927,0.170994,0.682142,-0.00214066,0.238247,0.225839,-0.944496,0.00202315,0.326699,0.918626,0.221943,-0.0083708,0.14518,0.0895541,0.985263,-0.0126035,0.267101,0.798906,-0.538882,0.00358379,
17.1,0.0133379,1.00629,-0.00569166,0.999808,0.00710092,0.0155298,-0.0087994,0.996747,-0.074765,-0.0263885,0.00753439,0.713268,0.167748,0.680488,0.00154502,0.252129,0.220425,-0.942073,0.00503639,0.321197,0.921817,0.216671,-0.00291388,0.14518,0.0895541,0.985263,-0.0126035,0.267101,0.798906,-0.538882,0.00358379,
17.2,0.0133311,1.00814,-0.00799874,0.99981,0.00999253,0.01504,-0.00729135,0.997093,-0.0726016,-0.0182789,0.0141273,0.71561,0.164503,0.678833,0.0052307,0.266011,0.215012,-0.939651,0.00804963,0.315695,0.925008,0.211399,0.00254303,0.14518,0.0895541,0.985263,-0.0126035,0.267101,0.798906,-0.538882,0.00358379,
17.3,0.0133827,1.01131,-0.0128283,0.999848,0.000829215,0.00524229,-0.00577514,0.996918,-0.074573,-0.0208428,0.0117407,0.717544,0.141443,0.681456,0.00416101,0.267111,0.214149,-0.939453,0.0134072,0.313132,0.92842,0.19941,0.000640377,0.14518,0.0895541,0.985263,-0.0126035,0.267101,0.798906,-0.538882,0.00358379,
17.4,0.0134342,1.01448,-0.0176579,0.999885,-0.0083341,-0.00455545,-0.00425894,0.996742,-0.0765443,-0.0234067,0.00935411,0.719478,0.118383,0.68408,0.00309131,0.268212,0.213285,-0.939255,0.0187649,0.310568,0.931831,0.18742,-0.00126228,0.14518,0.0895541,0.985263,-0.0126035,0.267101,0.798906,-0.538882,0.00358379,
17.5,0.0176153,1.01609,-0.0224433,0.99982,-0.00690649,0.000901146,-0.00687427,0.996678,-0.0730144,-0.0323045,0.00601034,0.722064,0.100386,0.684208,0.00788946,0.266243,0.22971,-0.935492,0.0213159,0.310437,0.935634,0.16543,-0.00368484,0.14518,0.0895541,0.985263,-0.0126035,0.267101,0.798906,-0.538882,0.00358379,
17.6,0.0238612,1.01692,-0.0272067,0.999703,-0.000183408,0.0139849,-0.0115554,0.99667,-0.0667339,-0.0443693,0.00218797,0.724976,0.084921,0.683089,0.0156215,0.26274,0.254779,-0.929948,0.0224635,0.311522,0.939634,0.138439,-0.00636736,0.14518,0.0895541,0.985263,-0.0126035,0.267101,0.798906,-0.538882,0.00358379,
17.7,0.0267494,1.01863,-0.0280362,0.999628,0.00364071,0.0228747,-0.0142824,0.995799,-0.0584076,-0.0638588,0.000130516,0.727809,0.0742701,0.681327,0.0230117,0.259478,0.272383,-0.926286,0.0202569,0.310142,0.942671,0.122746,-0.00718328,0.14518,0.0895541,0.985263,-0.0126035,0.267101,0.798906,-0.538882,0.00358379,
17.8,0.0229226,1.02209,-0.0209983,0.999636,0.00166691,0.0233767,-0.0131012,0.993202,-0.0459899,-0.0981977,0.00160288,0.730483,0.0732475,0.67828,0.029718,0.256701,0.275055,-0.926388,0.0113417,0.303829,0.943786,0.129647,-0.00426599,0.14518,0.0895541,0.985263,-0.0126035,0.267101,0.798906,-0.538882,0.00358379,
17.9,0.0190958,1.02554,-0.0139604,0.999644,-0.000306895,0.0238787,-0.01192,0.990605,-0.0335722,-0.132537,0.00307525,0.733156,0.0722249,0.675232,0.0364243,0.253924,0.277728,-0.92649,0.00242657,0.297517,0.9449,0.136548,-0.00134871,0.14518,0.0895541,0.985263,-0.0126035,0.267101,0.798906,-0.538882,0.00358379,
18,0.0133001,1.02125,-0.00779062,0.999559,-0.00145327,0.0277996,-0.00815248,0.988116,-0.0403837,-0.147045,0.00452659,0.73229,0.0676394,0.676902,0.0298359,0.246598,0.302831,-0.920059,6.2501e-05,0.290501,0.9471,0.136138,0.000535762,0.14518,0.0895541,0.985263,-0.0126035,0.267101,0.798906,-0.538882,0.00358379,
18.1,0.00750451,1.01695,-0.00162081,0.999473,-0.00259964,0.0317206,-0.004385,0.985627,-0.0471952,-0.161552,0.00597794,0.731423,0.063054,0.678571,0.0232475,0.239272,0.327935,-0.913627,-0.00230157,0.283486,0.949299,0.135728,0.00242023,0.14518,0.0895541,0.985263,-0.0126035,0.267101,0.798906,-0.538882,0.00358379,
18.2,0.00011923,1.01275,-5.2934e-06,0.999576,-0.000788506,0.0203025,-0.00407885,0.983783,-0.0444497,-0.173141,0.00312675,0.731112,0.05525,0.679686,0.0181232,0.249949,0.348041,-0.902985,-0.00597978,0.280273,0.950417,0.134697,0.0017353,0.14518,0.0895541,0.985263,-0.0126035,0.267101,0.798906,-0.538882,0.00358379,
18.3,-0.00806089,1.0086,-0.000666932,0.999771,0.00250138,0.00121487,-0.00550336,0.982262,-0.0369257,-0.183269,-0.00187569,0.731079,0.0458367,0.680524,0.0137308,0.269627,0.365648,-0.890236,-0.0103151,0.278961,0.950993,0.133356,-0.000234327,0.14518,0.0895541,0.985263,-0.0126035,0.267101,0.798906,-0.538882,0.00358379,
18.4,-0.0145392,1.00564,-0.00318399,0.999891,0.00280649,-0.0115692,-0.0071607,0.982016,-0.0349717,-0.184866,-0.00508953,0.729161,0.0414026,0.682969,0.00929998,0.280329,0.386303,-0.878323,-0.0119374,0.278194,0.951571,0.130744,-0.00224172,0.14518,0.0895541,0.985263,-0.0126035,0.267101,0.798906,-0.538882,0.00358379,
18.5,-0.017614,1.00507,-0.00941189,0.999859,-0.00285794,-0.011746,-0.00928373,0.984324,-0.0441577,-0.169399,-0.00472616,0.723474,0.046927,0.688627,0.00479211,0.273079,0.413055,-0.868081,-0.00813372,0.278517,0.952153,0.12559,-0.00432463,0.14518,0.0895541,0.985263,-0.0126035,0.267101,0.798906,-0.538882,0.00358379,
18.6,-0.0206888,1.00449,-0.0156398,0.999828,-0.00852237,-0.0119229,-0.0114068,0.986631,-0.0533436,-0.153933,-0.00436278,0.717786,0.0524514,0.694285,0.000284235,0.265829,0.439806,-0.857838,-0.00433008,0.278839,0.952734,0.120436,-0.00640755,0.14518,0.0895541,0.985263,-0.0126035,0.267101,0.798906,-0.538882,0.00358379,
